area,depth_bin,year,samp_size,avg_mon,avg_depth,avg_lat,glm_pred_temp,glm_pred_temp_gt5,avg_temp,std_err
ECV,<=183m,1977,4,8,129.2500742,42.91472222,7.495583256,-9,-9,-9
ECV,<=183m,1980,4,8.25,89.00006076,45.26451389,7.492424902,-9,-9,-9
ECV,<=183m,1983,9,7.888888889,118.4445282,44.91407407,7.489269208,7.489269208,9,0.276385399
ECV,<=183m,1984,2,9.5,155.5001208,44.52375,7.4882179,-9,-9,-9
ECV,<=183m,1986,16,8,109.0625683,45.44909722,7.486116171,7.486116171,7.24375,0.12876618
ECV,<=183m,1988,0,-9,-9,-9,7.484015621,-9,-9,-9
ECV,<=183m,1989,1,9,168.0001517,47.11638889,7.482965787,-9,-9,-9
ECV,<=183m,1990,0,-9,-9,-9,7.481916249,-9,-9,-9
ECV,<=183m,1991,0,-9,-9,-9,7.480867005,-9,-9,-9
ECV,<=183m,1992,28,8.892857143,119.8572203,46.75340278,7.479818055,7.479818055,7.728571429,0.092131885
ECV,<=183m,1993,0,-9,-9,-9,7.478769399,-9,-9,-9
ECV,<=183m,1995,114,7.403508772,121.6930636,45.70263645,7.476672969,7.476672969,7.283333333,0.031198108
ECV,<=183m,1996,1,10,181.0001765,46.78,7.475625195,-9,-9,-9
ECV,<=183m,1997,0,-9,-9,-9,7.474577714,-9,-9,-9
ECV,<=183m,1998,133,6.977443609,120.5564706,45.36869048,7.473530527,7.473530527,7.645112782,0.0393393
ECV,<=183m,1999,0,-9,-9,-9,7.472483634,-9,-9,-9
ECV,<=183m,2000,0,-9,-9,-9,7.471437033,-9,-9,-9
ECV,<=183m,2001,131,7.419847328,118.0229761,45.14315946,7.470390726,7.470390726,7.067175573,0.033567362
ECV,<=183m,2002,0,-9,-9,-9,7.469344712,-9,-9,-9
ECV,<=183m,2003,135,7.696296296,122.9348946,45.48010082,7.46829899,7.46829899,7.265919259,0.052609248
ECV,<=183m,2004,232,7.142241379,117.1578256,45.08813338,7.467253562,7.467253562,7.526906034,0.029384664
ECV,<=183m,2005,180,7.255555556,116.7856267,44.74962191,7.466208426,7.466208426,7.600857778,0.046240751
ECV,<=183m,2006,160,6.9125,119.7069546,45.18876042,7.465163582,7.465163582,7.577388125,0.036694994
ECV,<=183m,2007,186,6.919354839,118.0092085,45.1657273,7.464119031,7.464119031,7.228606452,0.040124482
ECV,<=183m,2008,155,7,116.9858819,45.18459857,7.463074772,7.463074772,7.373265161,0.064293819
ECV,<=183m,2009,156,7.064102564,117.4789151,45.02651531,7.462030806,7.462030806,7.437083333,0.061522976
ECV,<=183m,2010,177,7.084745763,118.3644842,44.94100282,7.460987131,7.460987131,7.339698305,0.04606611
ECV,<=183m,2011,160,6.9875,112.9344556,45.01174653,7.459943748,7.459943748,7.414305625,0.037214063
ECV,<=183m,2012,149,7.013422819,114.2598044,44.72463833,7.458900657,7.458900657,7.366716107,0.050297951
ECV,<=183m,2013,113,6.743362832,109.6885659,45.01325713,7.457857858,7.457857858,7.288732743,0.05734606
ECV,<=183m,2014,164,7.048780488,117.3695828,45.28872459,7.45681535,7.45681535,7.727042683,0.072266145
ECV,<=183m,2015,156,6.903846154,122.4045664,44.98176638,7.455773134,7.455773134,7.849088462,0.068227263
ECV,<=183m,2016,165,6.76969697,123.2352342,45.02334007,7.454731209,7.454731209,7.486889697,0.039147212
ECV,<=183m,2017,164,7.054878049,116.2494685,44.96662094,7.453689575,7.453689575,7.716685366,0.058503445
ECV,<=183m,2018,153,6.85620915,118.7739321,44.90987654,7.452648232,7.452648232,7.712848366,0.044827631
ECV,184-550m,1977,3,8,292.6668874,42.20851852,7.06255685,-9,-9,-9
ECV,184-550m,1980,7,7.714285714,252.0001491,43.62654762,6.990785998,6.990785998,7.214285714,0.307391926
ECV,184-550m,1983,5,8,256.0001789,45.21283333,6.920459166,6.920459166,7.2,0.349284984
ECV,184-550m,1984,3,9,373.3335485,44.64953704,6.897330275,-9,-9,-9
ECV,184-550m,1986,6,8,260.5001851,44.88509259,6.851533207,6.851533207,6.75,0.117615192
ECV,184-550m,1988,0,-9,-9,-9,6.806340298,-9,-9,-9
ECV,184-550m,1989,11,8.545454545,265.3638011,44.37040404,6.783966678,6.783966678,6.918181818,0.154224265
ECV,184-550m,1990,4,10,400.7502018,40.87493056,6.761739669,-9,-9,-9
ECV,184-550m,1991,0,-9,-9,-9,6.739657833,-9,-9,-9
ECV,184-550m,1992,28,8.964285714,246.4287165,45.42107143,6.717719753,6.717719753,7.353571429,0.13228578
ECV,184-550m,1993,3,10,429.6669283,45.17925926,6.69592403,-9,-9,-9
ECV,184-550m,1995,67,7.582089552,296.1792916,44.86540216,6.652754147,6.652754147,6.568656716,0.07193799
ECV,184-550m,1996,34,10,357.1472933,46.31486111,6.631377278,6.631377278,6.397058824,0.135531258
ECV,184-550m,1997,0,-9,-9,-9,6.610137347,-9,-9,-9
ECV,184-550m,1998,96,7.1875,311.4741561,44.02395544,6.589033042,6.589033042,6.211458333,0.104533947
ECV,184-550m,1999,68,7.735294118,372.0120056,44.38551471,6.568063069,6.568063069,5.136764706,0.117646373
ECV,184-550m,2000,110,8.627272727,356.4593134,44.25811111,6.547226148,6.547226148,6.433596364,0.073743893
ECV,184-550m,2001,213,7.892018779,350.8974077,44.52959833,6.526521018,6.526521018,6.365930047,0.046364541
ECV,184-550m,2002,62,7.790322581,372.3792649,43.58831989,6.505946432,6.505946432,6.355856452,0.09133997
ECV,184-550m,2003,88,8.125,320.6149726,44.35769255,6.485501159,6.485501159,6.468973864,0.081805941
ECV,184-550m,2004,153,7.098039216,324.88714,44.50204067,6.465183985,6.465183985,6.404701961,0.055270114
ECV,184-550m,2005,89,7.02247191,352.5889927,44.60109863,6.444993708,6.444993708,6.26715618,0.080527542
ECV,184-550m,2006,88,7.295454545,341.4547534,44.33559028,6.424929144,6.424929144,6.486995455,0.073320504
ECV,184-550m,2007,115,7.060869565,349.7958752,44.56521498,6.404989123,6.404989123,6.122533043,0.062300465
ECV,184-550m,2008,107,7.177570093,359.8441584,44.69324766,6.385172488,6.385172488,6.228747664,0.067589755
ECV,184-550m,2009,116,7.215517241,349.5967866,44.43103927,6.365478097,6.365478097,6.315632759,0.067899183
ECV,184-550m,2010,103,7.203883495,348.3827442,44.90269148,6.345904824,6.345904824,6.018731068,0.065289466
ECV,184-550m,2011,117,7.179487179,345.2814133,44.77824786,6.326451553,6.326451553,6.26028547,0.056557063
ECV,184-550m,2012,120,7.116666667,350.0177262,44.80125463,6.307117186,6.307117186,6.146068333,0.060125878
ECV,184-550m,2013,85,6.517647059,340.7025677,44.76372876,6.287900634,6.287900634,6.037450588,0.070035145
ECV,184-550m,2014,98,7.214285714,329.4522476,44.67762472,6.268800826,6.268800826,6.512788776,0.095311696
ECV,184-550m,2015,100,6.88,357.6782292,44.78933611,6.249816698,6.249816698,6.32556,0.087545957
ECV,184-550m,2016,98,7.112244898,367.8349304,44.3177551,6.230947205,6.230947205,6.068138776,0.069980004
ECV,184-550m,2017,97,6.958762887,328.230113,44.7232331,6.212191311,6.212191311,6.429231959,0.071931631
ECV,184-550m,2018,93,7.096774194,348.3324858,44.83301374,6.193547993,6.193547993,6.348470968,0.083784091
ECV,>=550m,1977,0,-9,-9,-9,4.095728477,-9,-9,-9
ECV,>=550m,1980,0,-9,-9,-9,4.097102821,-9,-9,-9
ECV,>=550m,1983,0,-9,-9,-9,4.098478087,-9,-9,-9
ECV,>=550m,1984,3,9,692.3337538,43.75101852,4.098936714,-9,-9,-9
ECV,>=550m,1986,0,-9,-9,-9,4.099854277,-9,-9,-9
ECV,>=550m,1988,0,-9,-9,-9,4.10077225,-9,-9,-9
ECV,>=550m,1989,5,9.2,893.6005455,44.54722222,4.101231391,4.101231391,4.02,0.272763634
ECV,>=550m,1990,11,10,867.1823624,40.86429293,4.101690635,4.101690635,4.463636364,0.207702903
ECV,>=550m,1991,0,-9,-9,-9,4.102149981,-9,-9,-9
ECV,>=550m,1992,3,10,759.0004632,47.65388889,4.102609431,-9,-9,-9
ECV,>=550m,1993,11,10,857.7278156,44.66416667,4.103068983,4.103068983,4.109090909,0.161501222
ECV,>=550m,1995,13,10,927.3082894,42.85326923,4.103988397,4.103988397,3.576923077,0.20821397
ECV,>=550m,1996,50,10,879.6605541,46.54568889,4.104448258,4.104448258,4.168,0.080530892
ECV,>=550m,1997,0,-9,-9,-9,4.104908223,-9,-9,-9
ECV,>=550m,1998,25,9.24,869.3085512,43.04042222,4.10536829,4.10536829,2.408,0.112386239
ECV,>=550m,1999,99,7.888888889,907.2147279,44.03436027,4.105828461,4.105828461,3.095959596,0.083409603
ECV,>=550m,2000,155,8.812903226,900.4276742,44.22728495,4.106288735,4.106288735,4.054978065,0.049042649
ECV,>=550m,2001,123,8.975609756,873.333896,44.23774616,4.106749112,4.106749112,4.106741463,0.059779387
ECV,>=550m,2002,46,7.97826087,827.3201017,42.91105072,4.107209592,4.107209592,4.258352174,0.093507345
ECV,>=550m,2003,109,7.880733945,831.3968551,44.42127166,4.107670176,4.107670176,4.144072477,0.057988131
ECV,>=550m,2004,56,7.660714286,823.1183839,43.94199901,4.108130863,4.108130863,4.252094643,0.085640202
ECV,>=550m,2005,84,7.202380952,820.2493374,44.35270503,4.108591653,4.108591653,4.207430952,0.067910406
ECV,>=550m,2006,82,7.256097561,870.7798304,44.24054539,4.109052547,4.109052547,4.179486585,0.069342935
ECV,>=550m,2007,88,7.022727273,885.1607965,44.59068498,4.109513544,4.109513544,3.973804545,0.065663015
ECV,>=550m,2008,86,7.337209302,886.6040603,44.12240633,4.109974645,4.109974645,4.079633721,0.068262495
ECV,>=550m,2009,78,7.115384615,859.4967066,44.12048433,4.110435849,4.110435849,4.198312821,0.063152546
ECV,>=550m,2010,90,7.144444444,859.6661008,43.74401235,4.110897156,4.110897156,4.03093,0.06378969
ECV,>=550m,2011,78,7.205128205,845.6595158,44.63231482,4.111358567,4.111358567,4.225433333,0.071821402
ECV,>=550m,2012,90,6.933333333,883.7994577,44.41295988,4.111820082,4.111820082,4.114196667,0.065999929
ECV,>=550m,2013,71,6.478873239,879.5709882,43.91865806,4.1122817,4.1122817,4.059191549,0.065440118
ECV,>=550m,2014,79,6.987341772,856.8157364,44.25642053,4.112743422,4.112743422,4.119768354,0.06853967
ECV,>=550m,2015,64,7,919.8802792,43.73134983,4.113205248,4.113205248,3.954984375,0.071324374
ECV,>=550m,2016,78,6.858974359,868.2120921,43.86287393,4.113667177,4.113667177,3.967667949,0.068856345
ECV,>=550m,2017,78,7.269230769,862.8787674,44.0223896,4.11412921,4.11412921,4.078357692,0.067055668
ECV,>=550m,2018,67,6.76119403,848.1453083,44.37914594,4.114591347,4.114591347,4.195446269,0.070150515
Conception,<=183m,1977,8,7,138.1251035,35.16131944,9.729322746,9.729322746,10.6,0.15
Conception,<=183m,1980,0,-9,-9,-9,9.724002145,-9,-9,-9
Conception,<=183m,1983,0,-9,-9,-9,9.71868736,-9,-9,-9
Conception,<=183m,1984,0,-9,-9,-9,9.716917055,-9,-9,-9
Conception,<=183m,1986,0,-9,-9,-9,9.713378381,-9,-9,-9
Conception,<=183m,1988,0,-9,-9,-9,9.709842283,-9,-9,-9
Conception,<=183m,1989,1,7,95.00012496,35.38361111,9.7080752,-9,-9,-9
Conception,<=183m,1990,0,-9,-9,-9,9.706308759,-9,-9,-9
Conception,<=183m,1991,0,-9,-9,-9,9.704542961,-9,-9,-9
Conception,<=183m,1992,5,7,119.2000501,35.16261111,9.702777806,9.702777806,9.96,0.102956301
Conception,<=183m,1993,0,-9,-9,-9,9.701013292,-9,-9,-9
Conception,<=183m,1995,12,6,106.166732,35.2718287,9.69748619,9.69748619,9.283333333,0.067232448
Conception,<=183m,1996,0,-9,-9,-9,9.6957236,-9,-9,-9
Conception,<=183m,1997,0,-9,-9,-9,9.693961651,-9,-9,-9
Conception,<=183m,1998,7,6,103.1429353,35.14345238,9.692200343,9.692200343,10.02857143,0.176896911
Conception,<=183m,1999,0,-9,-9,-9,9.690439674,-9,-9,-9
Conception,<=183m,2000,0,-9,-9,-9,9.688679645,-9,-9,-9
Conception,<=183m,2001,7,6,102.8572245,35.45507937,9.686920255,9.686920255,9.2,0.193956303
Conception,<=183m,2002,0,-9,-9,-9,9.685161503,-9,-9,-9
Conception,<=183m,2003,45,8.933333333,89.31339008,34.28135802,9.683403391,9.683403391,10.71861778,0.160129577
Conception,<=183m,2004,55,8.254545455,100.6709678,34.28429293,9.681645916,9.681645916,10.08520909,0.098880554
Conception,<=183m,2005,55,8.672727273,95.48188408,34.02093939,9.67988908,9.67988908,10.45631455,0.086201517
Conception,<=183m,2006,43,8.279069767,104.6186688,33.95393411,9.678132881,9.678132881,10.46790233,0.124627146
Conception,<=183m,2007,51,8.490196078,109.3137911,34.13344227,9.676377319,9.676377319,9.885588235,0.090844224
Conception,<=183m,2008,50,8.56,103.9440652,34.14378333,9.674622393,9.674622393,10.292928,0.116569277
Conception,<=183m,2009,51,8.588235294,112.3588973,34.37407407,9.672868105,9.672868105,10.32586078,0.13375167
Conception,<=183m,2010,47,8.787234043,104.2958298,34.15343381,9.671114452,9.671114452,10.16453404,0.111084025
Conception,<=183m,2011,44,8.772727273,110.4955307,34.01119949,9.669361435,9.669361435,9.954629545,0.087214861
Conception,<=183m,2012,55,8.745454545,107.8873361,34.26742929,9.667609053,9.667609053,10.51388,0.125125098
Conception,<=183m,2013,23,7,104.4087762,34.24187198,9.665857307,9.665857307,9.705156522,0.084178615
Conception,<=183m,2014,36,8.027777778,114.8361889,34.33028549,9.664106195,9.664106195,10.36763889,0.112802203
Conception,<=183m,2015,19,8.421052632,122.1948141,34.40866959,9.662355718,9.662355718,10.45342632,0.135360295
Conception,<=183m,2016,36,8.416666667,104.7584087,34.26947531,9.660605874,9.660605874,10.21457778,0.124217486
Conception,<=183m,2017,21,8,112.7143694,34.61115079,9.658856665,9.658856665,9.939309524,0.135223038
Conception,<=183m,2018,19,8,120.3842925,34.35283626,9.657108088,9.657108088,9.928726316,0.203058146
Conception,184-550m,1977,15,7,267.3334963,35.01390741,8.274693807,8.274693807,9.013333333,0.2412007
Conception,184-550m,1980,0,-9,-9,-9,8.176344511,-9,-9,-9
Conception,184-550m,1983,0,-9,-9,-9,8.080305627,-9,-9,-9
Conception,184-550m,1984,0,-9,-9,-9,8.048792073,-9,-9,-9
Conception,184-550m,1986,0,-9,-9,-9,7.986496685,-9,-9,-9
Conception,184-550m,1988,0,-9,-9,-9,7.925158187,-9,-9,-9
Conception,184-550m,1989,2,7,301.5001742,34.91194445,7.894840909,-9,-9,-9
Conception,184-550m,1990,0,-9,-9,-9,7.864754702,-9,-9,-9
Conception,184-550m,1991,0,-9,-9,-9,7.834896933,-9,-9,-9
Conception,184-550m,1992,2,7,302.5001621,34.99736111,7.805265011,-9,-9,-9
Conception,184-550m,1993,0,-9,-9,-9,7.775856383,-9,-9,-9
Conception,184-550m,1995,16,6,383.8127592,35.07229167,7.717698988,7.717698988,6.75,0.217562252
Conception,184-550m,1996,0,-9,-9,-9,7.688945304,-9,-9,-9
Conception,184-550m,1997,9,10,413.7780498,35.19145062,7.660405079,7.660405079,7.444444444,0.355945966
Conception,184-550m,1998,22,6.818181818,366.3229545,35.20992424,7.632075945,7.632075945,6.840909091,0.257246415
Conception,184-550m,1999,20,9.2,402.0702479,35.31311111,7.603955568,7.603955568,6.52,0.238923022
Conception,184-550m,2000,15,8.066666667,388.8468931,35.49311111,7.57604165,7.57604165,7.60372,0.207988983
Conception,184-550m,2001,33,6.939393939,383.5941916,35.12538721,7.548331924,7.548331924,7.18860303,0.128718152
Conception,184-550m,2002,28,7.857142857,361.135938,34.40845238,7.520824159,7.520824159,7.942692857,0.186435347
Conception,184-550m,2003,51,9.058823529,358.3414154,34.35158497,7.493516155,7.493516155,8.05402549,0.176263249
Conception,184-550m,2004,67,8.059701493,350.7942499,34.57218076,7.466405743,7.466405743,7.61688209,0.114212659
Conception,184-550m,2005,72,8.597222222,393.0363666,34.33839892,7.439490786,7.439490786,7.484075,0.125752258
Conception,184-550m,2006,68,8.514705882,386.6752487,33.98624183,7.41276918,7.41276918,7.670986765,0.11693806
Conception,184-550m,2007,82,8.317073171,378.4112035,34.18408875,7.386238846,7.386238846,7.514156098,0.105301439
Conception,184-550m,2008,82,8.573170732,402.594153,34.26196816,7.35989774,7.35989774,7.461813415,0.106905011
Conception,184-550m,2009,78,8.5,368.4438179,34.31684117,7.333743844,7.333743844,7.721023077,0.127612623
Conception,184-550m,2010,92,8.5,367.0187133,34.20363527,7.307775168,7.307775168,7.363083696,0.117232466
Conception,184-550m,2011,69,8.333333333,378.5045865,34.27506441,7.281989754,7.281989754,7.512473913,0.12085846
Conception,184-550m,2012,73,8.452054795,378.7988705,34.27605784,7.256385666,7.256385666,7.694691781,0.121154629
Conception,184-550m,2013,40,7,358.412732,34.05123611,7.230961,7.230961,7.6914575,0.157609918
Conception,184-550m,2014,70,8.328571429,353.0402153,34.3431746,7.205713876,7.205713876,8.047008571,0.131580625
Conception,184-550m,2015,65,8.523076923,381.5863986,34.57783761,7.180642441,7.180642441,7.727309231,0.136288769
Conception,184-550m,2016,49,8.408163265,367.645142,34.498322,7.155744867,7.155744867,7.514589796,0.152837953
Conception,184-550m,2017,53,8.320754717,377.2247645,34.59606918,7.131019352,7.131019352,7.573790566,0.15949215
Conception,184-550m,2018,43,8.325581395,386.9142059,34.65889535,7.106464118,7.106464118,7.341711628,0.158662562
Conception,>=550m,1977,0,-9,-9,-9,4.655039292,-9,-9,-9
Conception,>=550m,1980,0,-9,-9,-9,4.656814706,-9,-9,-9
Conception,>=550m,1983,0,-9,-9,-9,4.658591475,-9,-9,-9
Conception,>=550m,1984,0,-9,-9,-9,4.659184032,-9,-9,-9
Conception,>=550m,1986,0,-9,-9,-9,4.6603696,-9,-9,-9
Conception,>=550m,1988,0,-9,-9,-9,4.661555771,-9,-9,-9
Conception,>=550m,1989,0,-9,-9,-9,4.662149083,-9,-9,-9
Conception,>=550m,1990,0,-9,-9,-9,4.662742546,-9,-9,-9
Conception,>=550m,1991,0,-9,-9,-9,4.66333616,-9,-9,-9
Conception,>=550m,1992,0,-9,-9,-9,4.663929925,-9,-9,-9
Conception,>=550m,1993,0,-9,-9,-9,4.664523842,-9,-9,-9
Conception,>=550m,1995,0,-9,-9,-9,4.665712128,-9,-9,-9
Conception,>=550m,1996,0,-9,-9,-9,4.666306499,-9,-9,-9
Conception,>=550m,1997,19,10,921.9479485,35.15381579,4.666901021,4.666901021,4.373684211,0.214645377
Conception,>=550m,1998,10,9.5,843.8405435,35.42697222,4.667495694,4.667495694,3.09,0.19
Conception,>=550m,1999,29,9.24137931,874.9626217,35.32837165,4.668090519,4.668090519,4.065517241,0.1604547
Conception,>=550m,2000,15,8.2,820.7738525,35.52748148,4.668685496,4.668685496,4.962773333,0.182037541
Conception,>=550m,2001,14,7.857142857,817.2433933,35.32888889,4.669280624,4.669280624,5.070828571,0.15182373
Conception,>=550m,2002,30,7.4,853.3705483,34.3314537,4.669875905,4.669875905,4.877863333,0.157023853
Conception,>=550m,2003,23,8.956521739,856.8005605,33.84601449,4.670471336,4.670471336,4.902943478,0.163912496
Conception,>=550m,2004,36,8.972222222,814.6560796,34.48945216,4.67106692,4.67106692,4.850680556,0.136742193
Conception,>=550m,2005,63,8.857142857,845.2957759,34.17022487,4.671662656,4.671662656,4.665574603,0.098820475
Conception,>=550m,2006,55,8.290909091,901.2605807,34.06032828,4.672258544,4.672258544,4.563081818,0.113378193
Conception,>=550m,2007,67,8.388059701,918.2990944,34.2719403,4.672854583,4.672854583,4.419998507,0.091095456
Conception,>=550m,2008,49,8.285714286,838.6862431,34.31887188,4.673450775,4.673450775,4.839455102,0.133927847
Conception,>=550m,2009,63,8.571428571,829.6433931,34.42838624,4.674047119,4.674047119,4.762069841,0.095515588
Conception,>=550m,2010,64,8.5,841.1567886,34.19175347,4.674643615,4.674643615,4.58433125,0.096123441
Conception,>=550m,2011,41,8,853.5981139,34.46100949,4.675240264,4.675240264,4.674012195,0.122880665
Conception,>=550m,2012,36,8.416666667,836.7477601,34.52729167,4.675837064,4.675837064,4.720161111,0.1470994
Conception,>=550m,2013,17,7,899.7946976,34.1750817,4.676434017,4.676434017,4.569435294,0.237095431
Conception,>=550m,2014,34,8,914.5741071,34.41351307,4.677031123,4.677031123,4.595323529,0.139569153
Conception,>=550m,2015,44,8.477272727,807.4982317,34.2147601,4.677628381,4.677628381,4.965665909,0.129919013
Conception,>=550m,2016,43,8.069767442,880.9842982,34.3530168,4.678225792,4.678225792,4.46247907,0.10629746
Conception,>=550m,2017,44,7.886363636,853.0778172,34.17737374,4.678823355,4.678823355,4.731106818,0.139768765
Conception,>=550m,2018,46,8.02173913,832.7570645,34.35144324,4.679421071,4.679421071,4.799993478,0.117467184
Monterey,<=183m,1977,14,7.714285714,132.500087,38.69426587,8.776990423,8.776990423,9.214285714,0.272323568
Monterey,<=183m,1980,1,7,161.0000539,37.76583333,8.772660203,-9,-9,-9
Monterey,<=183m,1983,5,7,121.2000624,39.18511111,8.768334253,8.768334253,9.8,0.248997992
Monterey,<=183m,1984,0,-9,-9,-9,8.766893218,-9,-9,-9
Monterey,<=183m,1986,0,-9,-9,-9,8.764012568,-9,-9,-9
Monterey,<=183m,1988,0,-9,-9,-9,8.76113381,-9,-9,-9
Monterey,<=183m,1989,0,-9,-9,-9,8.75969514,-9,-9,-9
Monterey,<=183m,1990,0,-9,-9,-9,8.758256943,-9,-9,-9
Monterey,<=183m,1991,0,-9,-9,-9,8.756819218,-9,-9,-9
Monterey,<=183m,1992,32,7.84375,116.0000753,38.23920139,8.755381965,8.755381965,9.046875,0.048772095
Monterey,<=183m,1993,0,-9,-9,-9,8.753945183,-9,-9,-9
Monterey,<=183m,1995,32,6.34375,106.5000594,38.17597222,8.751073034,8.751073034,8.29375,0.046432725
Monterey,<=183m,1996,0,-9,-9,-9,8.749637667,-9,-9,-9
Monterey,<=183m,1997,0,-9,-9,-9,8.74820277,-9,-9,-9
Monterey,<=183m,1998,39,6,108.2564866,38.19799858,8.746768343,8.746768343,9.148717949,0.089297135
Monterey,<=183m,1999,0,-9,-9,-9,8.745334387,-9,-9,-9
Monterey,<=183m,2000,0,-9,-9,-9,8.743900901,-9,-9,-9
Monterey,<=183m,2001,52,6.134615385,109.0769964,38.25136752,8.742467885,8.742467885,8.211538462,0.056390542
Monterey,<=183m,2002,0,-9,-9,-9,8.741035339,-9,-9,-9
Monterey,<=183m,2003,43,8.395348837,112.5791332,38.16840439,8.739603262,8.739603262,9.13247907,0.080337061
Monterey,<=183m,2004,105,7.342857143,104.2733863,38.14670106,8.738171654,8.738171654,8.774891429,0.066377158
Monterey,<=183m,2005,70,7.871428571,105.2886455,38.22105952,8.736740515,8.736740515,9.14929,0.062092221
Monterey,<=183m,2006,61,7.655737705,103.9328566,38.20023224,8.735309845,8.735309845,9.076442623,0.089714688
Monterey,<=183m,2007,58,7.913793103,105.7810996,38.12528257,8.733879643,8.733879643,8.940489655,0.090254381
Monterey,<=183m,2008,70,7.714285714,111.1600706,38.02078968,8.732449909,8.732449909,9.203655714,0.128022224
Monterey,<=183m,2009,59,8.101694915,102.649208,37.90732109,8.731020644,8.731020644,9.29720339,0.056391333
Monterey,<=183m,2010,68,7.647058824,111.9662334,38.22901552,8.729591846,8.729591846,8.730927941,0.087142897
Monterey,<=183m,2011,73,7.712328767,107.1795221,38.05284247,8.728163516,8.728163516,9.024936986,0.077869757
Monterey,<=183m,2012,72,7.527777778,107.1236897,38.10978395,8.726735653,8.726735653,9.230270833,0.08675205
Monterey,<=183m,2013,55,7.127272727,111.19642,38.41221717,8.725308257,8.725308257,8.537092727,0.100682983
Monterey,<=183m,2014,63,7.349206349,105.0238765,38.11088183,8.723881328,8.723881328,9.51737619,0.128684363
Monterey,<=183m,2015,67,7.671641791,104.7224543,38.15567164,8.722454866,8.722454866,9.890901493,0.146431755
Monterey,<=183m,2016,60,7.65,110.7650576,38.10237037,8.72102887,8.72102887,9.049061667,0.096578213
Monterey,<=183m,2017,51,7.294117647,110.266743,38.22,8.719603341,8.719603341,9.058364706,0.104964732
Monterey,<=183m,2018,62,7.451612903,109.2484503,38.10396057,8.718178277,8.718178277,9.060030645,0.082792507
Monterey,184-550m,1977,15,7.6,275.133499,38.06088889,7.908790659,7.908790659,8.42,0.199570968
Monterey,184-550m,1980,5,7,259.2002131,38.55644444,7.818899732,7.818899732,7.74,0.334065862
Monterey,184-550m,1983,1,7,265.0002523,39.15111111,7.731029232,-9,-9,-9
Monterey,184-550m,1984,0,-9,-9,-9,7.70217632,-9,-9,-9
Monterey,184-550m,1986,2,7,261.500112,37.95305556,7.645111799,-9,-9,-9
Monterey,184-550m,1988,0,-9,-9,-9,7.588886628,-9,-9,-9
Monterey,184-550m,1989,5,7.2,244.8002053,37.34127778,7.561083033,7.561083033,8.04,0.295972972
Monterey,184-550m,1990,0,-9,-9,-9,7.533482424,-9,-9,-9
Monterey,184-550m,1991,0,-9,-9,-9,7.506082586,-9,-9,-9
Monterey,184-550m,1992,12,7.75,296.8335186,38.53368056,7.478881335,7.478881335,7.908333333,0.104778506
Monterey,184-550m,1993,0,-9,-9,-9,7.451876522,-9,-9,-9
Monterey,184-550m,1995,14,6.214285714,294.8573326,37.82746032,7.398447757,7.398447757,7.4,0.147878774
Monterey,184-550m,1996,0,-9,-9,-9,7.372019655,-9,-9,-9
Monterey,184-550m,1997,6,10,357.8335541,37.305,7.345779689,7.345779689,7.6,0.487852437
Monterey,184-550m,1998,53,6.830188679,353.8002311,38.22274109,7.319725858,7.319725858,6.598113208,0.166246241
Monterey,184-550m,1999,48,8.583333333,371.3335728,38.17298032,7.293856187,7.293856187,6.335416667,0.172499604
Monterey,184-550m,2000,63,8.46031746,356.0922868,38.51324515,7.268168732,7.268168732,7.143030159,0.126358032
Monterey,184-550m,2001,88,7.772727273,345.8649877,38.43980114,7.242661574,7.242661574,7.172305682,0.100018189
Monterey,184-550m,2002,50,7.92,391.5062414,38.48416111,7.217332821,7.217332821,6.888696,0.128502359
Monterey,184-550m,2003,30,8.5,341.8835469,38.80003704,7.192180608,7.192180608,7.228276667,0.183926383
Monterey,184-550m,2004,54,6.796296296,332.4279864,38.17348765,7.167203096,7.167203096,7.169955556,0.107407219
Monterey,184-550m,2005,16,8.4375,337.7377319,38.51263889,7.142398471,7.142398471,7.46098125,0.314111501
Monterey,184-550m,2006,32,7.15625,353.3502261,38.46862847,7.117764944,7.117764944,7.271221875,0.160594158
Monterey,184-550m,2007,18,7.833333333,378.9335779,38.35702161,7.093300751,7.093300751,6.814888889,0.222760948
Monterey,184-550m,2008,32,7.75,368.9002496,38.41046007,7.069004151,7.069004151,7.162171875,0.172798822
Monterey,184-550m,2009,28,8.392857143,353.9859374,38.11381944,7.044873429,7.044873429,7.163242857,0.166648079
Monterey,184-550m,2010,27,7.555555556,357.4150298,38.30755144,7.020906892,7.020906892,6.961514815,0.187650434
Monterey,184-550m,2011,24,7.125,318.3543798,38.33916667,6.997102869,6.997102869,7.344075,0.165874403
Monterey,184-550m,2012,30,7.7,372.8869007,38.4395463,6.973459714,6.973459714,7.233453333,0.183767032
Monterey,184-550m,2013,24,7.5,362.279405,38.41728009,6.949975801,6.949975801,6.988370833,0.174692886
Monterey,184-550m,2014,34,7.558823529,337.8061089,38.25731209,6.926649526,6.926649526,7.519064706,0.145161413
Monterey,184-550m,2015,26,7.538461538,380.2618002,38.06008547,6.903479308,6.903479308,7.372438462,0.210181501
Monterey,184-550m,2016,32,7.8125,351.9595952,38.11607639,6.880463585,6.880463585,7.226921875,0.178429597
Monterey,184-550m,2017,27,7.555555556,343.0594781,38.23239712,6.857600819,6.857600819,7.264492593,0.144063817
Monterey,184-550m,2018,31,7.35483871,365.8582951,38.34112903,6.834889488,6.834889488,7.006425806,0.178425393
Monterey,>=550m,1977,0,-9,-9,-9,4.271133283,-9,-9,-9
Monterey,>=550m,1980,0,-9,-9,-9,4.272627885,-9,-9,-9
Monterey,>=550m,1983,0,-9,-9,-9,4.274123533,-9,-9,-9
Monterey,>=550m,1984,0,-9,-9,-9,4.274622315,-9,-9,-9
Monterey,>=550m,1986,0,-9,-9,-9,4.275620229,-9,-9,-9
Monterey,>=550m,1988,0,-9,-9,-9,4.276618608,-9,-9,-9
Monterey,>=550m,1989,0,-9,-9,-9,4.277117973,-9,-9,-9
Monterey,>=550m,1990,0,-9,-9,-9,4.277617454,-9,-9,-9
Monterey,>=550m,1991,1,10,947.0005546,40.40222222,4.278117052,-9,-9,-9
Monterey,>=550m,1992,0,-9,-9,-9,4.278616767,-9,-9,-9
Monterey,>=550m,1993,0,-9,-9,-9,4.279116598,-9,-9,-9
Monterey,>=550m,1995,0,-9,-9,-9,4.280116612,-9,-9,-9
Monterey,>=550m,1996,0,-9,-9,-9,4.280616794,-9,-9,-9
Monterey,>=550m,1997,12,10,910.6672363,36.77909722,4.281117092,4.281117092,4.258333333,0.239778412
Monterey,>=550m,1998,16,9.3125,895.1443133,37.75970486,4.281617508,4.281617508,2.65625,0.12280362
Monterey,>=550m,1999,72,8.861111111,895.1839094,38.11594522,4.282118041,4.282118041,3.680555556,0.097054405
Monterey,>=550m,2000,70,8.842857143,870.1562883,38.65053968,4.282618691,4.282618691,4.407854286,0.090396717
Monterey,>=550m,2001,81,8.790123457,886.2351344,38.3819513,4.283119458,4.283119458,4.390355556,0.089057627
Monterey,>=550m,2002,40,7.9,865.3405563,38.36975694,4.283620342,4.283620342,4.425245,0.11576366
Monterey,>=550m,2003,24,8.333333333,922.2631161,38.5430787,4.284121343,4.284121343,4.125770833,0.140577691
Monterey,>=550m,2004,24,8.375,816.7005205,38.55739583,4.284622462,4.284622462,4.5979375,0.128133611
Monterey,>=550m,2005,18,8,849.1838846,38.18771605,4.285123697,4.285123697,4.461622222,0.174472038
Monterey,>=550m,2006,34,7.647058824,897.2358783,38.36169118,4.28562505,4.28562505,4.307661765,0.141638369
Monterey,>=550m,2007,28,7.821428571,875.8648719,38.18122024,4.28612652,4.28612652,4.342178571,0.131536723
Monterey,>=550m,2008,37,7.324324324,868.1627165,38.32468468,4.286628108,4.286628108,4.449597297,0.108479585
Monterey,>=550m,2009,30,8.4,912.2372489,38.87025,4.287129813,4.287129813,4.186053333,0.154352601
Monterey,>=550m,2010,30,8.033333333,865.033891,38.15488889,4.287631636,4.287631636,4.280716667,0.120083356
Monterey,>=550m,2011,36,7.361111111,835.8949754,38.36783179,4.288133576,4.288133576,4.613986111,0.132595442
Monterey,>=550m,2012,22,8.318181818,866.3187283,38.54599747,4.288635633,4.288635633,4.334472727,0.16807835
Monterey,>=550m,2013,26,7.153846154,857.0313318,38.76532051,4.289137808,4.289137808,4.422415385,0.133375002
Monterey,>=550m,2014,31,7.35483871,822.3972723,38.56223118,4.289640101,4.289640101,4.729080645,0.170887027
Monterey,>=550m,2015,36,7.333333333,928.5783816,38.81987654,4.290142512,4.290142512,4.205616667,0.124943035
Monterey,>=550m,2016,23,7.695652174,884.661422,38.84428744,4.29064504,4.29064504,4.234252174,0.156527905
Monterey,>=550m,2017,27,7.666666667,859.7227543,38.46115226,4.291147686,4.291147686,4.363477778,0.129954931
Monterey,>=550m,2018,44,7.431818182,842.5982695,38.29149621,4.291650449,4.291650449,4.490438636,0.101447973
